{"ContentRoots":["C:\\Users\\lab_services_student\\.nuget\\packages\\microsoft.aspnetcore.identity.ui\\9.0.1\\staticwebassets\\V5\\","C:\\Users\\lab_services_student\\source\\repos\\AgriEnergyP2\\AgriEnergyP2\\wwwroot\\","C:\\Users\\lab_services_student\\source\\repos\\AgriEnergyP2\\AgriEnergyP2\\obj\\Debug\\net9.0\\scopedcss\\bundle\\","C:\\Users\\lab_services_student\\source\\repos\\AgriEnergyP2\\AgriEnergyP2\\obj\\Debug\\net9.0\\compressed\\"],"Root":{"Children":{"Identity":{"Children":{"css":{"Children":{"site.css":{"Children":null,"Asset":{"ContentRootIndex":0,"SubPath":"css/site.css"},"Patterns":null},"site.css.gz":{"Children":null,"Asset":{"ContentRootIndex":3,"SubPath":"ofa40bqe71-b9sayid5wm.gz"},"Patterns":null}},"Asset":null,"Patterns":null},"favicon.ico":{"Children":null,"Asset":{"ContentRootIndex":0,"SubPath":"favicon.ico"},"Patterns":null},"js":{"Children":{"site.js":{"Children":null,"Asset":{"ContentRootIndex":0,"SubPath":"js/site.js"},"Patterns":null},"site.js.gz":{"Children":null,"Asset":{"ContentRootIndex":3,"SubPath":"vltxs1u3vm-xtxxf3hu2r.gz"},"Patterns":null}},"Asset":null,"Patterns":null},"lib":{"Children":{"bootstrap":{"Children":{"dist":{"Children":{"css":{"Children":{"bootstrap-grid.css":{"Children":null,"Asset":{"ContentRootIndex":0,"SubPath":"lib/bootstrap/dist/css/bootstrap-grid.css"},"Patterns":null},"bootstrap-grid.css.map":{"Children":null,"Asset":{"ContentRootIndex":0,"SubPath":"lib/bootstrap/dist/css/bootstrap-grid.css.map"},"Patterns":null},"bootstrap-grid.min.css":{"Children":null,"Asset":{"ContentRootIndex":0,"SubPath":"lib/bootstrap/dist/css/bootstrap-grid.min.css"},"Patterns":null},"bootstrap-grid.min.css.map":{"Children":null,"Asset":{"ContentRootIndex":0,"SubPath":"lib/bootstrap/dist/css/bootstrap-grid.min.css.map"},"Patterns":null},"bootstrap-grid.rtl.css":{"Children":null,"Asset":{"ContentRootIndex":0,"SubPath":"lib/bootstrap/dist/css/bootstrap-grid.rtl.css"},"Patterns":null},"bootstrap-grid.rtl.css.map":{"Children":null,"Asset":{"ContentRootIndex":0,"SubPath":"lib/bootstrap/dist/css/bootstrap-grid.rtl.css.map"},"Patterns":null},"bootstrap-grid.rtl.min.css":{"Children":null,"Asset":{"ContentRootIndex":0,"SubPath":"lib/bootstrap/dist/css/bootstrap-grid.rtl.min.css"},"Patterns":null},"bootstrap-grid.rtl.min.css.map":{"Children":null,"Asset":{"ContentRootIndex":0,"SubPath":"lib/bootstrap/dist/css/bootstrap-grid.rtl.min.css.map"},"Patterns":null},"bootstrap-reboot.css":{"Children":null,"Asset":{"ContentRootIndex":0,"SubPath":"lib/bootstrap/dist/css/bootstrap-reboot.css"},"Patterns":null},"bootstrap-reboot.css.map":{"Children":null,"Asset":{"ContentRootIndex":0,"SubPath":"lib/bootstrap/dist/css/bootstrap-reboot.css.map"},"Patterns":null},"bootstrap-reboot.min.css":{"Children":null,"Asset":{"ContentRootIndex":0,"SubPath":"lib/bootstrap/dist/css/bootstrap-reboot.min.css"},"Patterns":null},"bootstrap-reboot.min.css.map":{"Children":null,"Asset":{"ContentRootIndex":0,"SubPath":"lib/bootstrap/dist/css/bootstrap-reboot.min.css.map"},"Patterns":null},"bootstrap-reboot.rtl.css":{"Children":null,"Asset":{"ContentRootIndex":0,"SubPath":"lib/bootstrap/dist/css/bootstrap-reboot.rtl.css"},"Patterns":null},"bootstrap-reboot.rtl.css.map":{"Children":null,"Asset":{"ContentRootIndex":0,"SubPath":"lib/bootstrap/dist/css/bootstrap-reboot.rtl.css.map"},"Patterns":null},"bootstrap-reboot.rtl.min.css":{"Children":null,"Asset":{"ContentRootIndex":0,"SubPath":"lib/bootstrap/dist/css/bootstrap-reboot.rtl.min.css"},"Patterns":null},"bootstrap-reboot.rtl.min.css.map":{"Children":null,"Asset":{"ContentRootIndex":0,"SubPath":"lib/bootstrap/dist/css/bootstrap-reboot.rtl.min.css.map"},"Patterns":null},"bootstrap-utilities.css":{"Children":null,"Asset":{"ContentRootIndex":0,"SubPath":"lib/bootstrap/dist/css/bootstrap-utilities.css"},"Patterns":null},"bootstrap-utilities.css.map":{"Children":null,"Asset":{"ContentRootIndex":0,"SubPath":"lib/bootstrap/dist/css/bootstrap-utilities.css.map"},"Patterns":null},"bootstrap-utilities.min.css":{"Children":null,"Asset":{"ContentRootIndex":0,"SubPath":"lib/bootstrap/dist/css/bootstrap-utilities.min.css"},"Patterns":null},"bootstrap-utilities.min.css.map":{"Children":null,"Asset":{"ContentRootIndex":0,"SubPath":"lib/bootstrap/dist/css/bootstrap-utilities.min.css.map"},"Patterns":null},"bootstrap-utilities.rtl.css":{"Children":null,"Asset":{"ContentRootIndex":0,"SubPath":"lib/bootstrap/dist/css/bootstrap-utilities.rtl.css"},"Patterns":null},"bootstrap-utilities.rtl.css.map":{"Children":null,"Asset":{"ContentRootIndex":0,"SubPath":"lib/bootstrap/dist/css/bootstrap-utilities.rtl.css.map"},"Patterns":null},"bootstrap-utilities.rtl.min.css":{"Children":null,"Asset":{"ContentRootIndex":0,"SubPath":"lib/bootstrap/dist/css/bootstrap-utilities.rtl.min.css"},"Patterns":null},"bootstrap-utilities.rtl.min.css.map":{"Children":null,"Asset":{"ContentRootIndex":0,"SubPath":"lib/bootstrap/dist/css/bootstrap-utilities.rtl.min.css.map"},"Patterns":null},"bootstrap.css":{"Children":null,"Asset":{"ContentRootIndex":0,"SubPath":"lib/bootstrap/dist/css/bootstrap.css"},"Patterns":null},"bootstrap.css.map":{"Children":null,"Asset":{"ContentRootIndex":0,"SubPath":"lib/bootstrap/dist/css/bootstrap.css.map"},"Patterns":null},"bootstrap.min.css":{"Children":null,"Asset":{"ContentRootIndex":0,"SubPath":"lib/bootstrap/dist/css/bootstrap.min.css"},"Patterns":null},"bootstrap.min.css.map":{"Children":null,"Asset":{"ContentRootIndex":0,"SubPath":"lib/bootstrap/dist/css/bootstrap.min.css.map"},"Patterns":null},"bootstrap.rtl.css":{"Children":null,"Asset":{"ContentRootIndex":0,"SubPath":"lib/bootstrap/dist/css/bootstrap.rtl.css"},"Patterns":null},"bootstrap.rtl.css.map":{"Children":null,"Asset":{"ContentRootIndex":0,"SubPath":"lib/bootstrap/dist/css/bootstrap.rtl.css.map"},"Patterns":null},"bootstrap.rtl.min.css":{"Children":null,"Asset":{"ContentRootIndex":0,"SubPath":"lib/bootstrap/dist/css/bootstrap.rtl.min.css"},"Patterns":null},"bootstrap.rtl.min.css.map":{"Children":null,"Asset":{"ContentRootIndex":0,"SubPath":"lib/bootstrap/dist/css/bootstrap.rtl.min.css.map"},"Patterns":null},"bootstrap-grid.css.gz":{"Children":null,"Asset":{"ContentRootIndex":3,"SubPath":"14ipv7q33s-bqjiyaj88i.gz"},"Patterns":null},"bootstrap-grid.css.map.gz":{"Children":null,"Asset":{"ContentRootIndex":3,"SubPath":"rh65p086id-c2jlpeoesf.gz"},"Patterns":null},"bootstrap-grid.min.css.gz":{"Children":null,"Asset":{"ContentRootIndex":3,"SubPath":"eb27mqwgz2-erw9l3u2r3.gz"},"Patterns":null},"bootstrap-grid.min.css.map.gz":{"Children":null,"Asset":{"ContentRootIndex":3,"SubPath":"9glsckmvxo-aexeepp0ev.gz"},"Patterns":null},"bootstrap-grid.rtl.css.gz":{"Children":null,"Asset":{"ContentRootIndex":3,"SubPath":"hh8ihyobdx-d7shbmvgxk.gz"},"Patterns":null},"bootstrap-grid.rtl.css.map.gz":{"Children":null,"Asset":{"ContentRootIndex":3,"SubPath":"bww8ud00yd-ausgxo2sd3.gz"},"Patterns":null},"bootstrap-grid.rtl.min.css.gz":{"Children":null,"Asset":{"ContentRootIndex":3,"SubPath":"edcrak57d7-k8d9w2qqmf.gz"},"Patterns":null},"bootstrap-grid.rtl.min.css.map.gz":{"Children":null,"Asset":{"ContentRootIndex":3,"SubPath":"sf8kf2lula-cosvhxvwiu.gz"},"Patterns":null},"bootstrap-reboot.css.gz":{"Children":null,"Asset":{"ContentRootIndex":3,"SubPath":"3tzsqhslk9-ub07r2b239.gz"},"Patterns":null},"bootstrap-reboot.css.map.gz":{"Children":null,"Asset":{"ContentRootIndex":3,"SubPath":"oxk5o6czdw-fvhpjtyr6v.gz"},"Patterns":null},"bootstrap-reboot.min.css.gz":{"Children":null,"Asset":{"ContentRootIndex":3,"SubPath":"k8b25g0zwc-b7pk76d08c.gz"},"Patterns":null},"bootstrap-reboot.min.css.map.gz":{"Children":null,"Asset":{"ContentRootIndex":3,"SubPath":"8axix7wldr-fsbi9cje9m.gz"},"Patterns":null},"bootstrap-reboot.rtl.css.gz":{"Children":null,"Asset":{"ContentRootIndex":3,"SubPath":"d5z9sfpxbi-rzd6atqjts.gz"},"Patterns":null},"bootstrap-reboot.rtl.css.map.gz":{"Children":null,"Asset":{"ContentRootIndex":3,"SubPath":"u8428c4e9i-ee0r1s7dh0.gz"},"Patterns":null},"bootstrap-reboot.rtl.min.css.gz":{"Children":null,"Asset":{"ContentRootIndex":3,"SubPath":"tg53r17ghy-dxx9fxp4il.gz"},"Patterns":null},"bootstrap-reboot.rtl.min.css.map.gz":{"Children":null,"Asset":{"ContentRootIndex":3,"SubPath":"nlrl0f3xs3-jd9uben2k1.gz"},"Patterns":null},"bootstrap-utilities.css.gz":{"Children":null,"Asset":{"ContentRootIndex":3,"SubPath":"1fc4q00scq-khv3u5hwcm.gz"},"Patterns":null},"bootstrap-utilities.css.map.gz":{"Children":null,"Asset":{"ContentRootIndex":3,"SubPath":"8xykfy6qmd-r4e9w2rdcm.gz"},"Patterns":null},"bootstrap-utilities.min.css.gz":{"Children":null,"Asset":{"ContentRootIndex":3,"SubPath":"vsrbd71spn-lcd1t2u6c8.gz"},"Patterns":null},"bootstrap-utilities.min.css.map.gz":{"Children":null,"Asset":{"ContentRootIndex":3,"SubPath":"cynp17w084-c2oey78nd0.gz"},"Patterns":null},"bootstrap-utilities.rtl.css.gz":{"Children":null,"Asset":{"ContentRootIndex":3,"SubPath":"7o8oyvng68-tdbxkamptv.gz"},"Patterns":null},"bootstrap-utilities.rtl.css.map.gz":{"Children":null,"Asset":{"ContentRootIndex":3,"SubPath":"h9vwtoirpy-j5mq2jizvt.gz"},"Patterns":null},"bootstrap-utilities.rtl.min.css.gz":{"Children":null,"Asset":{"ContentRootIndex":3,"SubPath":"o5k23vqhrk-06098lyss8.gz"},"Patterns":null},"bootstrap-utilities.rtl.min.css.map.gz":{"Children":null,"Asset":{"ContentRootIndex":3,"SubPath":"iznc766avz-nvvlpmu67g.gz"},"Patterns":null},"bootstrap.css.gz":{"Children":null,"Asset":{"ContentRootIndex":3,"SubPath":"ns4583i71s-s35ty4nyc5.gz"},"Patterns":null},"bootstrap.css.map.gz":{"Children":null,"Asset":{"ContentRootIndex":3,"SubPath":"47012z8l2l-pj5nd1wqec.gz"},"Patterns":null},"bootstrap.min.css.gz":{"Children":null,"Asset":{"ContentRootIndex":3,"SubPath":"4vzefxwp2m-46ein0sx1k.gz"},"Patterns":null},"bootstrap.min.css.map.gz":{"Children":null,"Asset":{"ContentRootIndex":3,"SubPath":"bh4v3mdph9-v0zj4ognzu.gz"},"Patterns":null},"bootstrap.rtl.css.gz":{"Children":null,"Asset":{"ContentRootIndex":3,"SubPath":"l186vlgaag-37tfw0ft22.gz"},"Patterns":null},"bootstrap.rtl.css.map.gz":{"Children":null,"Asset":{"ContentRootIndex":3,"SubPath":"rsc7qacj1u-hrwsygsryq.gz"},"Patterns":null},"bootstrap.rtl.min.css.gz":{"Children":null,"Asset":{"ContentRootIndex":3,"SubPath":"z408qb6q7a-pk9g2wxc8p.gz"},"Patterns":null},"bootstrap.rtl.min.css.map.gz":{"Children":null,"Asset":{"ContentRootIndex":3,"SubPath":"qfr28sqcy1-ft3s53vfgj.gz"},"Patterns":null}},"Asset":null,"Patterns":null},"js":{"Children":{"bootstrap.bundle.js":{"Children":null,"Asset":{"ContentRootIndex":0,"SubPath":"lib/bootstrap/dist/js/bootstrap.bundle.js"},"Patterns":null},"bootstrap.bundle.js.map":{"Children":null,"Asset":{"ContentRootIndex":0,"SubPath":"lib/bootstrap/dist/js/bootstrap.bundle.js.map"},"Patterns":null},"bootstrap.bundle.min.js":{"Children":null,"Asset":{"ContentRootIndex":0,"SubPath":"lib/bootstrap/dist/js/bootstrap.bundle.min.js"},"Patterns":null},"bootstrap.bundle.min.js.map":{"Children":null,"Asset":{"ContentRootIndex":0,"SubPath":"lib/bootstrap/dist/js/bootstrap.bundle.min.js.map"},"Patterns":null},"bootstrap.esm.js":{"Children":null,"Asset":{"ContentRootIndex":0,"SubPath":"lib/bootstrap/dist/js/bootstrap.esm.js"},"Patterns":null},"bootstrap.esm.js.map":{"Children":null,"Asset":{"ContentRootIndex":0,"SubPath":"lib/bootstrap/dist/js/bootstrap.esm.js.map"},"Patterns":null},"bootstrap.esm.min.js":{"Children":null,"Asset":{"ContentRootIndex":0,"SubPath":"lib/bootstrap/dist/js/bootstrap.esm.min.js"},"Patterns":null},"bootstrap.esm.min.js.map":{"Children":null,"Asset":{"ContentRootIndex":0,"SubPath":"lib/bootstrap/dist/js/bootstrap.esm.min.js.map"},"Patterns":null},"bootstrap.js":{"Children":null,"Asset":{"ContentRootIndex":0,"SubPath":"lib/bootstrap/dist/js/bootstrap.js"},"Patterns":null},"bootstrap.js.map":{"Children":null,"Asset":{"ContentRootIndex":0,"SubPath":"lib/bootstrap/dist/js/bootstrap.js.map"},"Patterns":null},"bootstrap.min.js":{"Children":null,"Asset":{"ContentRootIndex":0,"SubPath":"lib/bootstrap/dist/js/bootstrap.min.js"},"Patterns":null},"bootstrap.min.js.map":{"Children":null,"Asset":{"ContentRootIndex":0,"SubPath":"lib/bootstrap/dist/js/bootstrap.min.js.map"},"Patterns":null},"bootstrap.bundle.js.gz":{"Children":null,"Asset":{"ContentRootIndex":3,"SubPath":"0k1i85ntyh-6cfz1n2cew.gz"},"Patterns":null},"bootstrap.bundle.js.map.gz":{"Children":null,"Asset":{"ContentRootIndex":3,"SubPath":"xa379ftczi-6pdc2jztkx.gz"},"Patterns":null},"bootstrap.bundle.min.js.gz":{"Children":null,"Asset":{"ContentRootIndex":3,"SubPath":"lr5hmrr0j7-493y06b0oq.gz"},"Patterns":null},"bootstrap.bundle.min.js.map.gz":{"Children":null,"Asset":{"ContentRootIndex":3,"SubPath":"ivy2s9gwh5-iovd86k7lj.gz"},"Patterns":null},"bootstrap.esm.js.gz":{"Children":null,"Asset":{"ContentRootIndex":3,"SubPath":"higufxz8op-vr1egmr9el.gz"},"Patterns":null},"bootstrap.esm.js.map.gz":{"Children":null,"Asset":{"ContentRootIndex":3,"SubPath":"s3tglgz8hr-kbrnm935zg.gz"},"Patterns":null},"bootstrap.esm.min.js.gz":{"Children":null,"Asset":{"ContentRootIndex":3,"SubPath":"vw9sls9bhj-jj8uyg4cgr.gz"},"Patterns":null},"bootstrap.esm.min.js.map.gz":{"Children":null,"Asset":{"ContentRootIndex":3,"SubPath":"ym8tkpcl2i-y7v9cxd14o.gz"},"Patterns":null},"bootstrap.js.gz":{"Children":null,"Asset":{"ContentRootIndex":3,"SubPath":"zzna4nrm5w-notf2xhcfb.gz"},"Patterns":null},"bootstrap.js.map.gz":{"Children":null,"Asset":{"ContentRootIndex":3,"SubPath":"igscs4x0yk-h1s4sie4z3.gz"},"Patterns":null},"bootstrap.min.js.gz":{"Children":null,"Asset":{"ContentRootIndex":3,"SubPath":"zap00c0tb5-63fj8s7r0e.gz"},"Patterns":null},"bootstrap.min.js.map.gz":{"Children":null,"Asset":{"ContentRootIndex":3,"SubPath":"pogzkicjpz-0j3bgjxly4.gz"},"Patterns":null}},"Asset":null,"Patterns":null}},"Asset":null,"Patterns":null},"LICENSE":{"Children":null,"Asset":{"ContentRootIndex":0,"SubPath":"lib/bootstrap/LICENSE"},"Patterns":null}},"Asset":null,"Patterns":null},"jquery-validation-unobtrusive":{"Children":{"dist":{"Children":{"jquery.validate.unobtrusive.js":{"Children":null,"Asset":{"ContentRootIndex":0,"SubPath":"lib/jquery-validation-unobtrusive/dist/jquery.validate.unobtrusive.js"},"Patterns":null},"jquery.validate.unobtrusive.min.js":{"Children":null,"Asset":{"ContentRootIndex":0,"SubPath":"lib/jquery-validation-unobtrusive/dist/jquery.validate.unobtrusive.min.js"},"Patterns":null},"jquery.validate.unobtrusive.js.gz":{"Children":null,"Asset":{"ContentRootIndex":3,"SubPath":"j3hwsq15kh-47otxtyo56.gz"},"Patterns":null},"jquery.validate.unobtrusive.min.js.gz":{"Children":null,"Asset":{"ContentRootIndex":3,"SubPath":"q3naettu8c-4v8eqarkd7.gz"},"Patterns":null}},"Asset":null,"Patterns":null},"LICENSE.txt":{"Children":null,"Asset":{"ContentRootIndex":0,"SubPath":"lib/jquery-validation-unobtrusive/LICENSE.txt"},"Patterns":null},"LICENSE.txt.gz":{"Children":null,"Asset":{"ContentRootIndex":3,"SubPath":"ldxy2n3w6q-356vix0kms.gz"},"Patterns":null}},"Asset":null,"Patterns":null},"jquery-validation":{"Children":{"dist":{"Children":{"additional-methods.js":{"Children":null,"Asset":{"ContentRootIndex":0,"SubPath":"lib/jquery-validation/dist/additional-methods.js"},"Patterns":null},"additional-methods.min.js":{"Children":null,"Asset":{"ContentRootIndex":0,"SubPath":"lib/jquery-validation/dist/additional-methods.min.js"},"Patterns":null},"jquery.validate.js":{"Children":null,"Asset":{"ContentRootIndex":0,"SubPath":"lib/jquery-validation/dist/jquery.validate.js"},"Patterns":null},"jquery.validate.min.js":{"Children":null,"Asset":{"ContentRootIndex":0,"SubPath":"lib/jquery-validation/dist/jquery.validate.min.js"},"Patterns":null},"additional-methods.js.gz":{"Children":null,"Asset":{"ContentRootIndex":3,"SubPath":"ypthv7q62w-83jwlth58m.gz"},"Patterns":null},"additional-methods.min.js.gz":{"Children":null,"Asset":{"ContentRootIndex":3,"SubPath":"t6e3b82hrf-mrlpezrjn3.gz"},"Patterns":null},"jquery.validate.js.gz":{"Children":null,"Asset":{"ContentRootIndex":3,"SubPath":"uocis9wxbx-lzl9nlhx6b.gz"},"Patterns":null},"jquery.validate.min.js.gz":{"Children":null,"Asset":{"ContentRootIndex":3,"SubPath":"2tikzqlmtu-ag7o75518u.gz"},"Patterns":null}},"Asset":null,"Patterns":null},"LICENSE.md":{"Children":null,"Asset":{"ContentRootIndex":0,"SubPath":"lib/jquery-validation/LICENSE.md"},"Patterns":null},"LICENSE.md.gz":{"Children":null,"Asset":{"ContentRootIndex":3,"SubPath":"9muusbdg0a-x0q3zqp4vz.gz"},"Patterns":null}},"Asset":null,"Patterns":null},"jquery":{"Children":{"dist":{"Children":{"jquery.js":{"Children":null,"Asset":{"ContentRootIndex":0,"SubPath":"lib/jquery/dist/jquery.js"},"Patterns":null},"jquery.min.js":{"Children":null,"Asset":{"ContentRootIndex":0,"SubPath":"lib/jquery/dist/jquery.min.js"},"Patterns":null},"jquery.min.map":{"Children":null,"Asset":{"ContentRootIndex":0,"SubPath":"lib/jquery/dist/jquery.min.map"},"Patterns":null},"jquery.slim.js":{"Children":null,"Asset":{"ContentRootIndex":0,"SubPath":"lib/jquery/dist/jquery.slim.js"},"Patterns":null},"jquery.slim.min.js":{"Children":null,"Asset":{"ContentRootIndex":0,"SubPath":"lib/jquery/dist/jquery.slim.min.js"},"Patterns":null},"jquery.slim.min.map":{"Children":null,"Asset":{"ContentRootIndex":0,"SubPath":"lib/jquery/dist/jquery.slim.min.map"},"Patterns":null},"jquery.js.gz":{"Children":null,"Asset":{"ContentRootIndex":3,"SubPath":"tpsq5dibur-0i3buxo5is.gz"},"Patterns":null},"jquery.min.js.gz":{"Children":null,"Asset":{"ContentRootIndex":3,"SubPath":"t0qo7o574p-o1o13a6vjx.gz"},"Patterns":null},"jquery.min.map.gz":{"Children":null,"Asset":{"ContentRootIndex":3,"SubPath":"b9lhb08218-ttgo8qnofa.gz"},"Patterns":null},"jquery.slim.js.gz":{"Children":null,"Asset":{"ContentRootIndex":3,"SubPath":"a3ygkwa5zy-2z0ns9nrw6.gz"},"Patterns":null},"jquery.slim.min.js.gz":{"Children":null,"Asset":{"ContentRootIndex":3,"SubPath":"nezrqnk58p-muycvpuwrr.gz"},"Patterns":null},"jquery.slim.min.map.gz":{"Children":null,"Asset":{"ContentRootIndex":3,"SubPath":"v0zgfp0y55-87fc7y1x7t.gz"},"Patterns":null}},"Asset":null,"Patterns":null},"LICENSE.txt":{"Children":null,"Asset":{"ContentRootIndex":0,"SubPath":"lib/jquery/LICENSE.txt"},"Patterns":null},"LICENSE.txt.gz":{"Children":null,"Asset":{"ContentRootIndex":3,"SubPath":"yfc7ypekbg-mlv21k5csn.gz"},"Patterns":null}},"Asset":null,"Patterns":null}},"Asset":null,"Patterns":null},"favicon.ico.gz":{"Children":null,"Asset":{"ContentRootIndex":3,"SubPath":"j9swiz3yzq-90yqlj465b.gz"},"Patterns":null}},"Asset":null,"Patterns":null},"css":{"Children":{"site.css":{"Children":null,"Asset":{"ContentRootIndex":1,"SubPath":"css/site.css"},"Patterns":null},"site.css.gz":{"Children":null,"Asset":{"ContentRootIndex":3,"SubPath":"r4rmxzzuj5-lizyh5ugso.gz"},"Patterns":null}},"Asset":null,"Patterns":null},"favicon.ico":{"Children":null,"Asset":{"ContentRootIndex":1,"SubPath":"favicon.ico"},"Patterns":null},"images":{"Children":{"AddFarmer.png":{"Children":null,"Asset":{"ContentRootIndex":1,"SubPath":"images/AddFarmer.png"},"Patterns":null},"Agri-Energy Connect.png":{"Children":null,"Asset":{"ContentRootIndex":1,"SubPath":"images/Agri-Energy Connect.png"},"Patterns":null},"Agri1.png":{"Children":null,"Asset":{"ContentRootIndex":1,"SubPath":"images/Agri1.png"},"Patterns":null},"FArmers List.png":{"Children":null,"Asset":{"ContentRootIndex":1,"SubPath":"images/FArmers List.png"},"Patterns":null},"View and Filer Products.png":{"Children":null,"Asset":{"ContentRootIndex":1,"SubPath":"images/View and Filer Products.png"},"Patterns":null}},"Asset":null,"Patterns":null},"js":{"Children":{"site.js":{"Children":null,"Asset":{"ContentRootIndex":1,"SubPath":"js/site.js"},"Patterns":null},"site.js.gz":{"Children":null,"Asset":{"ContentRootIndex":3,"SubPath":"btkcr64pid-xtxxf3hu2r.gz"},"Patterns":null}},"Asset":null,"Patterns":null},"lib":{"Children":{"bootstrap":{"Children":{"dist":{"Children":{"css":{"Children":{"bootstrap-grid.css":{"Children":null,"Asset":{"ContentRootIndex":1,"SubPath":"lib/bootstrap/dist/css/bootstrap-grid.css"},"Patterns":null},"bootstrap-grid.css.map":{"Children":null,"Asset":{"ContentRootIndex":1,"SubPath":"lib/bootstrap/dist/css/bootstrap-grid.css.map"},"Patterns":null},"bootstrap-grid.min.css":{"Children":null,"Asset":{"ContentRootIndex":1,"SubPath":"lib/bootstrap/dist/css/bootstrap-grid.min.css"},"Patterns":null},"bootstrap-grid.min.css.map":{"Children":null,"Asset":{"ContentRootIndex":1,"SubPath":"lib/bootstrap/dist/css/bootstrap-grid.min.css.map"},"Patterns":null},"bootstrap-grid.rtl.css":{"Children":null,"Asset":{"ContentRootIndex":1,"SubPath":"lib/bootstrap/dist/css/bootstrap-grid.rtl.css"},"Patterns":null},"bootstrap-grid.rtl.css.map":{"Children":null,"Asset":{"ContentRootIndex":1,"SubPath":"lib/bootstrap/dist/css/bootstrap-grid.rtl.css.map"},"Patterns":null},"bootstrap-grid.rtl.min.css":{"Children":null,"Asset":{"ContentRootIndex":1,"SubPath":"lib/bootstrap/dist/css/bootstrap-grid.rtl.min.css"},"Patterns":null},"bootstrap-grid.rtl.min.css.map":{"Children":null,"Asset":{"ContentRootIndex":1,"SubPath":"lib/bootstrap/dist/css/bootstrap-grid.rtl.min.css.map"},"Patterns":null},"bootstrap-reboot.css":{"Children":null,"Asset":{"ContentRootIndex":1,"SubPath":"lib/bootstrap/dist/css/bootstrap-reboot.css"},"Patterns":null},"bootstrap-reboot.css.map":{"Children":null,"Asset":{"ContentRootIndex":1,"SubPath":"lib/bootstrap/dist/css/bootstrap-reboot.css.map"},"Patterns":null},"bootstrap-reboot.min.css":{"Children":null,"Asset":{"ContentRootIndex":1,"SubPath":"lib/bootstrap/dist/css/bootstrap-reboot.min.css"},"Patterns":null},"bootstrap-reboot.min.css.map":{"Children":null,"Asset":{"ContentRootIndex":1,"SubPath":"lib/bootstrap/dist/css/bootstrap-reboot.min.css.map"},"Patterns":null},"bootstrap-reboot.rtl.css":{"Children":null,"Asset":{"ContentRootIndex":1,"SubPath":"lib/bootstrap/dist/css/bootstrap-reboot.rtl.css"},"Patterns":null},"bootstrap-reboot.rtl.css.map":{"Children":null,"Asset":{"ContentRootIndex":1,"SubPath":"lib/bootstrap/dist/css/bootstrap-reboot.rtl.css.map"},"Patterns":null},"bootstrap-reboot.rtl.min.css":{"Children":null,"Asset":{"ContentRootIndex":1,"SubPath":"lib/bootstrap/dist/css/bootstrap-reboot.rtl.min.css"},"Patterns":null},"bootstrap-reboot.rtl.min.css.map":{"Children":null,"Asset":{"ContentRootIndex":1,"SubPath":"lib/bootstrap/dist/css/bootstrap-reboot.rtl.min.css.map"},"Patterns":null},"bootstrap-utilities.css":{"Children":null,"Asset":{"ContentRootIndex":1,"SubPath":"lib/bootstrap/dist/css/bootstrap-utilities.css"},"Patterns":null},"bootstrap-utilities.css.map":{"Children":null,"Asset":{"ContentRootIndex":1,"SubPath":"lib/bootstrap/dist/css/bootstrap-utilities.css.map"},"Patterns":null},"bootstrap-utilities.min.css":{"Children":null,"Asset":{"ContentRootIndex":1,"SubPath":"lib/bootstrap/dist/css/bootstrap-utilities.min.css"},"Patterns":null},"bootstrap-utilities.min.css.map":{"Children":null,"Asset":{"ContentRootIndex":1,"SubPath":"lib/bootstrap/dist/css/bootstrap-utilities.min.css.map"},"Patterns":null},"bootstrap-utilities.rtl.css":{"Children":null,"Asset":{"ContentRootIndex":1,"SubPath":"lib/bootstrap/dist/css/bootstrap-utilities.rtl.css"},"Patterns":null},"bootstrap-utilities.rtl.css.map":{"Children":null,"Asset":{"ContentRootIndex":1,"SubPath":"lib/bootstrap/dist/css/bootstrap-utilities.rtl.css.map"},"Patterns":null},"bootstrap-utilities.rtl.min.css":{"Children":null,"Asset":{"ContentRootIndex":1,"SubPath":"lib/bootstrap/dist/css/bootstrap-utilities.rtl.min.css"},"Patterns":null},"bootstrap-utilities.rtl.min.css.map":{"Children":null,"Asset":{"ContentRootIndex":1,"SubPath":"lib/bootstrap/dist/css/bootstrap-utilities.rtl.min.css.map"},"Patterns":null},"bootstrap.css":{"Children":null,"Asset":{"ContentRootIndex":1,"SubPath":"lib/bootstrap/dist/css/bootstrap.css"},"Patterns":null},"bootstrap.css.map":{"Children":null,"Asset":{"ContentRootIndex":1,"SubPath":"lib/bootstrap/dist/css/bootstrap.css.map"},"Patterns":null},"bootstrap.min.css":{"Children":null,"Asset":{"ContentRootIndex":1,"SubPath":"lib/bootstrap/dist/css/bootstrap.min.css"},"Patterns":null},"bootstrap.min.css.map":{"Children":null,"Asset":{"ContentRootIndex":1,"SubPath":"lib/bootstrap/dist/css/bootstrap.min.css.map"},"Patterns":null},"bootstrap.rtl.css":{"Children":null,"Asset":{"ContentRootIndex":1,"SubPath":"lib/bootstrap/dist/css/bootstrap.rtl.css"},"Patterns":null},"bootstrap.rtl.css.map":{"Children":null,"Asset":{"ContentRootIndex":1,"SubPath":"lib/bootstrap/dist/css/bootstrap.rtl.css.map"},"Patterns":null},"bootstrap.rtl.min.css":{"Children":null,"Asset":{"ContentRootIndex":1,"SubPath":"lib/bootstrap/dist/css/bootstrap.rtl.min.css"},"Patterns":null},"bootstrap.rtl.min.css.map":{"Children":null,"Asset":{"ContentRootIndex":1,"SubPath":"lib/bootstrap/dist/css/bootstrap.rtl.min.css.map"},"Patterns":null},"bootstrap-grid.css.gz":{"Children":null,"Asset":{"ContentRootIndex":3,"SubPath":"tr9w51luot-bqjiyaj88i.gz"},"Patterns":null},"bootstrap-grid.css.map.gz":{"Children":null,"Asset":{"ContentRootIndex":3,"SubPath":"rqgm0ry3n4-c2jlpeoesf.gz"},"Patterns":null},"bootstrap-grid.min.css.gz":{"Children":null,"Asset":{"ContentRootIndex":3,"SubPath":"1ioco7q758-erw9l3u2r3.gz"},"Patterns":null},"bootstrap-grid.min.css.map.gz":{"Children":null,"Asset":{"ContentRootIndex":3,"SubPath":"j35p79s3ru-aexeepp0ev.gz"},"Patterns":null},"bootstrap-grid.rtl.css.gz":{"Children":null,"Asset":{"ContentRootIndex":3,"SubPath":"x3yx4ull54-d7shbmvgxk.gz"},"Patterns":null},"bootstrap-grid.rtl.css.map.gz":{"Children":null,"Asset":{"ContentRootIndex":3,"SubPath":"1klshp6ykr-ausgxo2sd3.gz"},"Patterns":null},"bootstrap-grid.rtl.min.css.gz":{"Children":null,"Asset":{"ContentRootIndex":3,"SubPath":"1u90tovvx1-k8d9w2qqmf.gz"},"Patterns":null},"bootstrap-grid.rtl.min.css.map.gz":{"Children":null,"Asset":{"ContentRootIndex":3,"SubPath":"7egoutfgq9-cosvhxvwiu.gz"},"Patterns":null},"bootstrap-reboot.css.gz":{"Children":null,"Asset":{"ContentRootIndex":3,"SubPath":"trvnqpxwtl-ub07r2b239.gz"},"Patterns":null},"bootstrap-reboot.css.map.gz":{"Children":null,"Asset":{"ContentRootIndex":3,"SubPath":"jawudnxqct-fvhpjtyr6v.gz"},"Patterns":null},"bootstrap-reboot.min.css.gz":{"Children":null,"Asset":{"ContentRootIndex":3,"SubPath":"qz1rw2w3uq-b7pk76d08c.gz"},"Patterns":null},"bootstrap-reboot.min.css.map.gz":{"Children":null,"Asset":{"ContentRootIndex":3,"SubPath":"vs9mnrei5z-fsbi9cje9m.gz"},"Patterns":null},"bootstrap-reboot.rtl.css.gz":{"Children":null,"Asset":{"ContentRootIndex":3,"SubPath":"wjvt5t6s2o-rzd6atqjts.gz"},"Patterns":null},"bootstrap-reboot.rtl.css.map.gz":{"Children":null,"Asset":{"ContentRootIndex":3,"SubPath":"o9iuybhq33-ee0r1s7dh0.gz"},"Patterns":null},"bootstrap-reboot.rtl.min.css.gz":{"Children":null,"Asset":{"ContentRootIndex":3,"SubPath":"o3ng7t5aq6-dxx9fxp4il.gz"},"Patterns":null},"bootstrap-reboot.rtl.min.css.map.gz":{"Children":null,"Asset":{"ContentRootIndex":3,"SubPath":"plge1kqsm8-jd9uben2k1.gz"},"Patterns":null},"bootstrap-utilities.css.gz":{"Children":null,"Asset":{"ContentRootIndex":3,"SubPath":"cdkwpg3kv1-khv3u5hwcm.gz"},"Patterns":null},"bootstrap-utilities.css.map.gz":{"Children":null,"Asset":{"ContentRootIndex":3,"SubPath":"laa56bkgqr-r4e9w2rdcm.gz"},"Patterns":null},"bootstrap-utilities.min.css.gz":{"Children":null,"Asset":{"ContentRootIndex":3,"SubPath":"u8cdvijcih-lcd1t2u6c8.gz"},"Patterns":null},"bootstrap-utilities.min.css.map.gz":{"Children":null,"Asset":{"ContentRootIndex":3,"SubPath":"xno49o03i3-c2oey78nd0.gz"},"Patterns":null},"bootstrap-utilities.rtl.css.gz":{"Children":null,"Asset":{"ContentRootIndex":3,"SubPath":"ww7wvmdawb-tdbxkamptv.gz"},"Patterns":null},"bootstrap-utilities.rtl.css.map.gz":{"Children":null,"Asset":{"ContentRootIndex":3,"SubPath":"4itvmbvd0s-j5mq2jizvt.gz"},"Patterns":null},"bootstrap-utilities.rtl.min.css.gz":{"Children":null,"Asset":{"ContentRootIndex":3,"SubPath":"j4yu6n9rxz-06098lyss8.gz"},"Patterns":null},"bootstrap-utilities.rtl.min.css.map.gz":{"Children":null,"Asset":{"ContentRootIndex":3,"SubPath":"g2u8okh5nt-nvvlpmu67g.gz"},"Patterns":null},"bootstrap.css.gz":{"Children":null,"Asset":{"ContentRootIndex":3,"SubPath":"30u5quvkg3-s35ty4nyc5.gz"},"Patterns":null},"bootstrap.css.map.gz":{"Children":null,"Asset":{"ContentRootIndex":3,"SubPath":"wrkfjhe7h9-pj5nd1wqec.gz"},"Patterns":null},"bootstrap.min.css.gz":{"Children":null,"Asset":{"ContentRootIndex":3,"SubPath":"acq6s1ye39-46ein0sx1k.gz"},"Patterns":null},"bootstrap.min.css.map.gz":{"Children":null,"Asset":{"ContentRootIndex":3,"SubPath":"ynq4kqi7fr-v0zj4ognzu.gz"},"Patterns":null},"bootstrap.rtl.css.gz":{"Children":null,"Asset":{"ContentRootIndex":3,"SubPath":"dxjfq2zk80-37tfw0ft22.gz"},"Patterns":null},"bootstrap.rtl.css.map.gz":{"Children":null,"Asset":{"ContentRootIndex":3,"SubPath":"bg4df4kp5y-hrwsygsryq.gz"},"Patterns":null},"bootstrap.rtl.min.css.gz":{"Children":null,"Asset":{"ContentRootIndex":3,"SubPath":"pqyd8iwk01-pk9g2wxc8p.gz"},"Patterns":null},"bootstrap.rtl.min.css.map.gz":{"Children":null,"Asset":{"ContentRootIndex":3,"SubPath":"793f551elu-ft3s53vfgj.gz"},"Patterns":null}},"Asset":null,"Patterns":null},"js":{"Children":{"bootstrap.bundle.js":{"Children":null,"Asset":{"ContentRootIndex":1,"SubPath":"lib/bootstrap/dist/js/bootstrap.bundle.js"},"Patterns":null},"bootstrap.bundle.js.map":{"Children":null,"Asset":{"ContentRootIndex":1,"SubPath":"lib/bootstrap/dist/js/bootstrap.bundle.js.map"},"Patterns":null},"bootstrap.bundle.min.js":{"Children":null,"Asset":{"ContentRootIndex":1,"SubPath":"lib/bootstrap/dist/js/bootstrap.bundle.min.js"},"Patterns":null},"bootstrap.bundle.min.js.map":{"Children":null,"Asset":{"ContentRootIndex":1,"SubPath":"lib/bootstrap/dist/js/bootstrap.bundle.min.js.map"},"Patterns":null},"bootstrap.esm.js":{"Children":null,"Asset":{"ContentRootIndex":1,"SubPath":"lib/bootstrap/dist/js/bootstrap.esm.js"},"Patterns":null},"bootstrap.esm.js.map":{"Children":null,"Asset":{"ContentRootIndex":1,"SubPath":"lib/bootstrap/dist/js/bootstrap.esm.js.map"},"Patterns":null},"bootstrap.esm.min.js":{"Children":null,"Asset":{"ContentRootIndex":1,"SubPath":"lib/bootstrap/dist/js/bootstrap.esm.min.js"},"Patterns":null},"bootstrap.esm.min.js.map":{"Children":null,"Asset":{"ContentRootIndex":1,"SubPath":"lib/bootstrap/dist/js/bootstrap.esm.min.js.map"},"Patterns":null},"bootstrap.js":{"Children":null,"Asset":{"ContentRootIndex":1,"SubPath":"lib/bootstrap/dist/js/bootstrap.js"},"Patterns":null},"bootstrap.js.map":{"Children":null,"Asset":{"ContentRootIndex":1,"SubPath":"lib/bootstrap/dist/js/bootstrap.js.map"},"Patterns":null},"bootstrap.min.js":{"Children":null,"Asset":{"ContentRootIndex":1,"SubPath":"lib/bootstrap/dist/js/bootstrap.min.js"},"Patterns":null},"bootstrap.min.js.map":{"Children":null,"Asset":{"ContentRootIndex":1,"SubPath":"lib/bootstrap/dist/js/bootstrap.min.js.map"},"Patterns":null},"bootstrap.bundle.js.gz":{"Children":null,"Asset":{"ContentRootIndex":3,"SubPath":"1wkf5pvvb9-6cfz1n2cew.gz"},"Patterns":null},"bootstrap.bundle.js.map.gz":{"Children":null,"Asset":{"ContentRootIndex":3,"SubPath":"8jn6tr8kmv-6pdc2jztkx.gz"},"Patterns":null},"bootstrap.bundle.min.js.gz":{"Children":null,"Asset":{"ContentRootIndex":3,"SubPath":"lbq0izdtt8-493y06b0oq.gz"},"Patterns":null},"bootstrap.bundle.min.js.map.gz":{"Children":null,"Asset":{"ContentRootIndex":3,"SubPath":"y0em160fzm-iovd86k7lj.gz"},"Patterns":null},"bootstrap.esm.js.gz":{"Children":null,"Asset":{"ContentRootIndex":3,"SubPath":"xk4y2rc3db-vr1egmr9el.gz"},"Patterns":null},"bootstrap.esm.js.map.gz":{"Children":null,"Asset":{"ContentRootIndex":3,"SubPath":"96n539s4ip-kbrnm935zg.gz"},"Patterns":null},"bootstrap.esm.min.js.gz":{"Children":null,"Asset":{"ContentRootIndex":3,"SubPath":"mssqxi7j1q-jj8uyg4cgr.gz"},"Patterns":null},"bootstrap.esm.min.js.map.gz":{"Children":null,"Asset":{"ContentRootIndex":3,"SubPath":"gm17pav6ml-y7v9cxd14o.gz"},"Patterns":null},"bootstrap.js.gz":{"Children":null,"Asset":{"ContentRootIndex":3,"SubPath":"5nsm2b41jc-notf2xhcfb.gz"},"Patterns":null},"bootstrap.js.map.gz":{"Children":null,"Asset":{"ContentRootIndex":3,"SubPath":"vwsk2ohrl0-h1s4sie4z3.gz"},"Patterns":null},"bootstrap.min.js.gz":{"Children":null,"Asset":{"ContentRootIndex":3,"SubPath":"j1xa3e4uq8-63fj8s7r0e.gz"},"Patterns":null},"bootstrap.min.js.map.gz":{"Children":null,"Asset":{"ContentRootIndex":3,"SubPath":"4josjdc2l4-0j3bgjxly4.gz"},"Patterns":null}},"Asset":null,"Patterns":null}},"Asset":null,"Patterns":null},"LICENSE":{"Children":null,"Asset":{"ContentRootIndex":1,"SubPath":"lib/bootstrap/LICENSE"},"Patterns":null}},"Asset":null,"Patterns":null},"jquery-validation-unobtrusive":{"Children":{"dist":{"Children":{"jquery.validate.unobtrusive.js":{"Children":null,"Asset":{"ContentRootIndex":1,"SubPath":"lib/jquery-validation-unobtrusive/dist/jquery.validate.unobtrusive.js"},"Patterns":null},"jquery.validate.unobtrusive.min.js":{"Children":null,"Asset":{"ContentRootIndex":1,"SubPath":"lib/jquery-validation-unobtrusive/dist/jquery.validate.unobtrusive.min.js"},"Patterns":null},"jquery.validate.unobtrusive.js.gz":{"Children":null,"Asset":{"ContentRootIndex":3,"SubPath":"31ty88p098-47otxtyo56.gz"},"Patterns":null},"jquery.validate.unobtrusive.min.js.gz":{"Children":null,"Asset":{"ContentRootIndex":3,"SubPath":"ly353vzsrb-4v8eqarkd7.gz"},"Patterns":null}},"Asset":null,"Patterns":null},"LICENSE.txt":{"Children":null,"Asset":{"ContentRootIndex":1,"SubPath":"lib/jquery-validation-unobtrusive/LICENSE.txt"},"Patterns":null},"LICENSE.txt.gz":{"Children":null,"Asset":{"ContentRootIndex":3,"SubPath":"vdduqhzjoo-356vix0kms.gz"},"Patterns":null}},"Asset":null,"Patterns":null},"jquery-validation":{"Children":{"dist":{"Children":{"additional-methods.js":{"Children":null,"Asset":{"ContentRootIndex":1,"SubPath":"lib/jquery-validation/dist/additional-methods.js"},"Patterns":null},"additional-methods.min.js":{"Children":null,"Asset":{"ContentRootIndex":1,"SubPath":"lib/jquery-validation/dist/additional-methods.min.js"},"Patterns":null},"jquery.validate.js":{"Children":null,"Asset":{"ContentRootIndex":1,"SubPath":"lib/jquery-validation/dist/jquery.validate.js"},"Patterns":null},"jquery.validate.min.js":{"Children":null,"Asset":{"ContentRootIndex":1,"SubPath":"lib/jquery-validation/dist/jquery.validate.min.js"},"Patterns":null},"additional-methods.js.gz":{"Children":null,"Asset":{"ContentRootIndex":3,"SubPath":"3kp1lqnye1-83jwlth58m.gz"},"Patterns":null},"additional-methods.min.js.gz":{"Children":null,"Asset":{"ContentRootIndex":3,"SubPath":"26j0p9hr1c-mrlpezrjn3.gz"},"Patterns":null},"jquery.validate.js.gz":{"Children":null,"Asset":{"ContentRootIndex":3,"SubPath":"i8m9hz5aux-lzl9nlhx6b.gz"},"Patterns":null},"jquery.validate.min.js.gz":{"Children":null,"Asset":{"ContentRootIndex":3,"SubPath":"meyn5t1tha-ag7o75518u.gz"},"Patterns":null}},"Asset":null,"Patterns":null},"LICENSE.md":{"Children":null,"Asset":{"ContentRootIndex":1,"SubPath":"lib/jquery-validation/LICENSE.md"},"Patterns":null},"LICENSE.md.gz":{"Children":null,"Asset":{"ContentRootIndex":3,"SubPath":"r0mx5c92ey-x0q3zqp4vz.gz"},"Patterns":null}},"Asset":null,"Patterns":null},"jquery":{"Children":{"dist":{"Children":{"jquery.js":{"Children":null,"Asset":{"ContentRootIndex":1,"SubPath":"lib/jquery/dist/jquery.js"},"Patterns":null},"jquery.min.js":{"Children":null,"Asset":{"ContentRootIndex":1,"SubPath":"lib/jquery/dist/jquery.min.js"},"Patterns":null},"jquery.min.map":{"Children":null,"Asset":{"ContentRootIndex":1,"SubPath":"lib/jquery/dist/jquery.min.map"},"Patterns":null},"jquery.slim.js":{"Children":null,"Asset":{"ContentRootIndex":1,"SubPath":"lib/jquery/dist/jquery.slim.js"},"Patterns":null},"jquery.slim.min.js":{"Children":null,"Asset":{"ContentRootIndex":1,"SubPath":"lib/jquery/dist/jquery.slim.min.js"},"Patterns":null},"jquery.slim.min.map":{"Children":null,"Asset":{"ContentRootIndex":1,"SubPath":"lib/jquery/dist/jquery.slim.min.map"},"Patterns":null},"jquery.js.gz":{"Children":null,"Asset":{"ContentRootIndex":3,"SubPath":"vv4ombai0g-0i3buxo5is.gz"},"Patterns":null},"jquery.min.js.gz":{"Children":null,"Asset":{"ContentRootIndex":3,"SubPath":"a7jbw6b5cb-o1o13a6vjx.gz"},"Patterns":null},"jquery.min.map.gz":{"Children":null,"Asset":{"ContentRootIndex":3,"SubPath":"lqij55tjad-ttgo8qnofa.gz"},"Patterns":null},"jquery.slim.js.gz":{"Children":null,"Asset":{"ContentRootIndex":3,"SubPath":"y8vvxxiwhx-2z0ns9nrw6.gz"},"Patterns":null},"jquery.slim.min.js.gz":{"Children":null,"Asset":{"ContentRootIndex":3,"SubPath":"yra4gtk5tp-muycvpuwrr.gz"},"Patterns":null},"jquery.slim.min.map.gz":{"Children":null,"Asset":{"ContentRootIndex":3,"SubPath":"5xhappxa1v-87fc7y1x7t.gz"},"Patterns":null}},"Asset":null,"Patterns":null},"LICENSE.txt":{"Children":null,"Asset":{"ContentRootIndex":1,"SubPath":"lib/jquery/LICENSE.txt"},"Patterns":null},"LICENSE.txt.gz":{"Children":null,"Asset":{"ContentRootIndex":3,"SubPath":"on64efwkta-mlv21k5csn.gz"},"Patterns":null}},"Asset":null,"Patterns":null}},"Asset":null,"Patterns":null},"AgriEnergyP2.styles.css":{"Children":null,"Asset":{"ContentRootIndex":2,"SubPath":"AgriEnergyP2.styles.css"},"Patterns":null},"favicon.ico.gz":{"Children":null,"Asset":{"ContentRootIndex":3,"SubPath":"bhavzyn23i-61n19gt1b8.gz"},"Patterns":null},"AgriEnergyP2.styles.css.gz":{"Children":null,"Asset":{"ContentRootIndex":3,"SubPath":"kmgre0hg27-h9uk2eoiul.gz"},"Patterns":null}},"Asset":null,"Patterns":[{"ContentRootIndex":1,"Pattern":"**","Depth":0}]}}